{
  "chronic_data": {
    "total_chronic_circuits": 23,
    "media_chronics": 11,
    "new_chronics": {
      "Leased Line Circuit": [
        "444282783"
      ]
    },
    "new_chronic_count": 1,
    "existing_chronics": {
      "chronic_consistent": [
        "500332738",
        "500334193",
        "500335805",
        "091NOID1143035717419_889599",
        "091NOID1143035717849_889621",
        "SR216187",
        "PTH TOK EPL 90030025",
        "LZA010663"
      ],
      "chronic_inconsistent": [
        "LD017936",
        "IST6041E#3_010G",
        "IST6022E#2_010G",
        "HI/ADM/00697867",
        "SR215576",
        "SSO-JBTKRHS002F-DWDM10",
        "443463817",
        "445597814",
        "443919489",
        "445979698",
        "443832799",
        "FRO2007133508",
        "W1E32092",
        "N9675474L",
        "N2864477L"
      ],
      "media_chronics": [
        "VID-1583",
        "VID-1597",
        "VID-1598",
        "VID-1574",
        "VID-1575",
        "VID-1581",
        "VID-1582",
        "VID-1146",
        "VID-1525",
        "VID-1530",
        "VID-0875"
      ],
      "perf_60_day": [
        "444089285",
        "444089468"
      ],
      "perf_30_day": [
        "445082297"
      ]
    },
    "updated_perf_30_day": [
      "444089285",
      "444089468"
    ],
    "updated_perf_60_day": [],
    "merged_data": "    Inc Resolved At (Month / Year)  ... ImpactHours\n0                       March 2025  ...    0.048611\n1                              NaN  ...    0.019167\n2                              NaN  ...    0.010278\n3                              NaN  ...   10.702500\n4                              NaN  ...    0.070833\n..                             ...  ...         ...\n113                            NaN  ...   67.356667\n114                            NaN  ...   30.346389\n115                            NaN  ...   16.665278\n116                            NaN  ...    9.146111\n117                            NaN  ...   62.716944\n\n[118 rows x 10 columns]"
  },
  "metrics": {
    "total_chronic_circuits": 23,
    "media_chronics": 11,
    "new_chronic_count": 1,
    "new_chronics": {
      "Leased Line Circuit": [
        "444282783"
      ]
    },
    "total_providers": 11,
    "top5_tickets": {
      "SR216187 (C/R)": 51,
      "500334193 / 81-4W3EOZV (C/R)": 33,
      "PTH TOK EPL 90030025 (C)": 23,
      "091NOID1143035717849 (C/R)": 21,
      "W1E32092 (C)": 21
    },
    "top5_cost": {
      "LZA010663 (C/R)": 27645.45000000001,
      "PTH TOK EPL 90030025 (C)": 26323.9,
      "N2864477L (C)": 21170.799999999996,
      "500335805 (C/R)": 20650.499999999996,
      "444282783": 16310.750000000004
    },
    "bottom5_availability": {
      "LZA010663 (C/R)": 78.97697200321214,
      "PTH TOK EPL 90030025 (C)": 79.98194687788973,
      "N2864477L (C)": 83.90063026232541,
      "500335805 (C/R)": 84.29629325448971,
      "444282783": 87.59646329147807
    },
    "bottom5_mtbf": {
      "SR216187 (C/R)": 1.7647058823529411,
      "500334193 / 81-4W3EOZV (C/R)": 2.727272727272727,
      "PTH TOK EPL 90030025 (C)": 3.9130434782608696,
      "091NOID1143035717849 (C/R)": 4.285714285714286,
      "W1E32092 (C)": 4.285714285714286
    },
    "avg_mtbf_days": 15.27715443571143,
    "chronic_circuit_ids": [
      "500332738",
      "500334193",
      "500335805",
      "091NOID1143035717419_889599",
      "091NOID1143035717849_889621",
      "SR216187",
      "PTH TOK EPL 90030025",
      "LZA010663",
      "LD017936",
      "IST6041E#3_010G",
      "IST6022E#2_010G",
      "HI/ADM/00697867",
      "SR215576",
      "SSO-JBTKRHS002F-DWDM10",
      "443463817",
      "445597814",
      "443919489",
      "445979698",
      "443832799",
      "FRO2007133508",
      "W1E32092",
      "N9675474L",
      "N2864477L"
    ]
  },
  "generated_at": "2025-07-06T11:32:48.618421"
}