{
  "chronic_data": {
    "total_chronic_circuits": 23,
    "media_chronics": 11,
    "new_chronics": {
      "Leased Line Circuit": [
        "444282783"
      ]
    },
    "new_chronic_count": 1,
    "existing_chronics": {
      "chronic_consistent": [
        "500332738",
        "500334193",
        "500335805",
        "091NOID1143035717419_889599",
        "091NOID1143035717849_889621",
        "SR216187",
        "PTH TOK EPL 90030025",
        "LZA010663"
      ],
      "chronic_inconsistent": [
        "LD017936",
        "IST6041E#3_010G",
        "IST6022E#2_010G",
        "HI/ADM/00697867",
        "SR215576",
        "SSO-JBTKRHS002F-DWDM10",
        "443463817",
        "445597814",
        "443919489",
        "445979698",
        "443832799",
        "FRO2007133508",
        "W1E32092",
        "N9675474L",
        "N2864477L"
      ],
      "media_chronics": [
        "VID-1583",
        "VID-1597",
        "VID-1598",
        "VID-1574",
        "VID-1575",
        "VID-1581",
        "VID-1582",
        "VID-1146",
        "VID-1525",
        "VID-1530",
        "VID-0875"
      ],
      "perf_60_day": [
        "444089285",
        "444089468"
      ],
      "perf_30_day": [
        "445082297"
      ]
    },
    "updated_perf_30_day": [
      "444089285",
      "444089468"
    ],
    "updated_perf_60_day": [],
    "merged_data": "    Inc Resolved At (Month / Year)  ... ImpactHours\n0                              NaN  ...    0.019167\n1                              NaN  ...    0.010278\n2                              NaN  ...   10.702500\n3                              NaN  ...    1.306389\n4                         May 2025  ...    0.355000\n..                             ...  ...         ...\n104                            NaN  ...   16.665278\n105                            NaN  ...    9.146111\n106                            NaN  ...   43.932778\n107                            NaN  ...   62.716944\n108                            NaN  ...   23.818889\n\n[109 rows x 10 columns]"
  },
  "metrics": {
    "total_chronic_circuits": 23,
    "media_chronics": 11,
    "new_chronic_count": 1,
    "new_chronics": {
      "Leased Line Circuit": [
        "444282783"
      ]
    },
    "total_providers": 11,
    "top5_tickets": {
      "SR216187 (C/R)": 37,
      "500334193 / 81-4W3EOZV (C/R)": 32,
      "W1E32092 (C)": 25,
      "PTH TOK EPL 90030025 (C)": 23,
      "LZA010635 (R)": 21
    },
    "top5_cost": {
      "SR216187 (C/R)": 62441.95000000003,
      "LZA010663 (C/R)": 23154.65,
      "PTH TOK EPL 90030025 (C)": 19711.999999999993,
      "500335805 (C/R)": 17883.149999999998,
      "444282783": 15379.2
    },
    "bottom5_availability": {
      "SR216187 (C/R)": 52.515916252980944,
      "LZA010663 (C/R)": 82.39200826154669,
      "PTH TOK EPL 90030025 (C)": 85.00997712561444,
      "500335805 (C/R)": 86.40072912103956,
      "444282783": 88.30486202365309
    },
    "bottom5_mtbf": {
      "SR216187 (C/R)": 2.4324324324324325,
      "500334193 / 81-4W3EOZV (C/R)": 2.8125,
      "W1E32092 (C)": 3.6,
      "PTH TOK EPL 90030025 (C)": 3.9130434782608696,
      "LZA010635 (R)": 4.285714285714286
    },
    "avg_mtbf_days": 15.615942883154721,
    "chronic_circuit_ids": [
      "500332738",
      "500334193",
      "500335805",
      "091NOID1143035717419_889599",
      "091NOID1143035717849_889621",
      "SR216187",
      "PTH TOK EPL 90030025",
      "LZA010663",
      "LD017936",
      "IST6041E#3_010G",
      "IST6022E#2_010G",
      "HI/ADM/00697867",
      "SR215576",
      "SSO-JBTKRHS002F-DWDM10",
      "443463817",
      "445597814",
      "443919489",
      "445979698",
      "443832799",
      "FRO2007133508",
      "W1E32092",
      "N9675474L",
      "N2864477L"
    ]
  },
  "generated_at": "2025-05-31T00:00:00"
}